{
  "position": null,
  "entryPrice": null,
  "currentPrice": 72512.5,
  "ema200": 71776.0514676617,
  "slope": 0.06396740725520982,
  "timestamp": "2026-03-13T15:25:37.492Z",
  "entryTime": null,
  "peakPrice": 73752.5,
  "positionSize": null
}