{
  "position": null,
  "entryPrice": null,
  "currentPrice": 72605.5,
  "ema200": 71764.52206467661,
  "slope": 0.07286035113294134,
  "timestamp": "2026-03-13T15:20:37.418Z",
  "entryTime": null,
  "peakPrice": 73752.5,
  "positionSize": null
}