{
  "position": null,
  "entryPrice": null,
  "currentPrice": 72354.5,
  "ema200": 71786.53298507463,
  "slope": 0.057444323487295335,
  "timestamp": "2026-03-13T15:30:37.675Z",
  "entryTime": null,
  "peakPrice": 73752.5,
  "positionSize": null
}