{
  "position": null,
  "entryPrice": null,
  "currentPrice": 71858.5,
  "ema200": 71828.87278606967,
  "slope": 0.03482947904848103,
  "timestamp": "2026-03-13T15:55:37.874Z",
  "entryTime": null,
  "peakPrice": 73752.5,
  "positionSize": null
}