{
  "position": null,
  "entryPrice": null,
  "currentPrice": 72489.5,
  "ema200": 71800.44519900499,
  "slope": 0.056945771584230434,
  "timestamp": "2026-03-13T15:35:39.186Z",
  "entryTime": null,
  "peakPrice": 73752.5,
  "positionSize": null
}