{
  "position": null,
  "entryPrice": null,
  "currentPrice": 72689,
  "ema200": 71752.53184079603,
  "slope": 0.0829860114204332,
  "timestamp": "2026-03-13T15:15:37.375Z",
  "entryTime": null,
  "peakPrice": 73752.5,
  "positionSize": null
}