{
  "position": null,
  "entryPrice": null,
  "currentPrice": 72342.5,
  "ema200": 71713.57587064676,
  "slope": 0.10634557966181064,
  "timestamp": "2026-03-13T15:00:37.258Z",
  "entryTime": null,
  "peakPrice": 73752.5,
  "positionSize": null
}