{
  "position": null,
  "entryPrice": null,
  "currentPrice": 72616.5,
  "ema200": 71739.08303482588,
  "slope": 0.09072382028842324,
  "timestamp": "2026-03-13T15:10:37.323Z",
  "entryTime": null,
  "peakPrice": 73752.5,
  "positionSize": null
}